id,organizationId,doadorId,dataHora
1,org-1,1,2026-03-01T10:00:00
2,org-1,2,2026-03-02T14:30:00
3,org-1,3,2026-03-03T09:00:00
4,org-1,4,2026-03-04T16:00:00
5,org-1,5,2026-03-05T11:30:00
6,org-1,2,2026-03-06T08:00:00
7,org-1,1,2026-03-07T13:00:00
8,org-1,3,2026-03-08T10:30:00
9,org-1,4,2026-03-09T15:00:00
10,org-1,5,2026-03-10T09:45:00
11,org-1,1,2026-03-11T14:15:00
12,org-1,2,2026-03-12T11:00:00
13,org-1,3,2026-03-13T16:30:00
14,org-1,4,2026-03-14T08:30:00
15,org-1,5,2026-03-15T12:00:00
16,org-1,1,2026-03-16T10:15:00
17,org-1,2,2026-03-17T14:45:00
18,org-1,3,2026-03-18T09:30:00
19,org-1,4,2026-03-19T15:30:00
20,org-1,5,2026-03-20T11:45:00
21,org-1,1,2026-03-21T13:15:00
