id,nomeId,status,coletaId,entregaId,organizationId
1,1,EM_ESTOQUE,1,,org-1
2,2,EM_ESTOQUE,1,,org-1
3,3,EM_ESTOQUE,1,,org-1
4,5,ENTREGUE,2,1,org-1
5,6,ENTREGUE,2,1,org-1
6,8,ENTREGUE,2,1,org-1
7,10,ENTREGUE,3,2,org-1
8,12,ENTREGUE,3,2,org-1
9,15,ENTREGUE,4,3,org-1
10,17,ENTREGUE,4,3,org-1
11,20,ENTREGUE,5,4,org-1
12,22,ENTREGUE,5,4,org-1
13,25,ENTREGUE,6,5,org-1
14,28,ENTREGUE,6,5,org-1
15,30,ENTREGUE,7,6,org-1
16,33,ENTREGUE,7,6,org-1
17,35,ENTREGUE,8,7,org-1
18,38,ENTREGUE,8,7,org-1
19,40,ENTREGUE,9,8,org-1
20,43,ENTREGUE,9,8,org-1
21,50,EM_ESTOQUE,10,,org-1
22,53,EM_ESTOQUE,10,,org-1
23,55,EM_ESTOQUE,11,,org-1
24,58,EM_ESTOQUE,11,,org-1
25,60,EM_ESTOQUE,12,,org-1
26,63,EM_ESTOQUE,12,,org-1
27,65,EM_ESTOQUE,13,,org-1
28,68,EM_ESTOQUE,13,,org-1
29,70,EM_ESTOQUE,14,,org-1
30,73,EM_ESTOQUE,14,,org-1
31,76,EM_ESTOQUE,15,,org-1
32,79,EM_ESTOQUE,15,,org-1
33,82,EM_ESTOQUE,16,,org-1
34,85,EM_ESTOQUE,16,,org-1
35,87,EM_ESTOQUE,17,,org-1
36,90,EM_ESTOQUE,17,,org-1
37,93,EM_ESTOQUE,18,,org-1
38,96,EM_ESTOQUE,18,,org-1
39,99,EM_ESTOQUE,19,,org-1
40,102,EM_ESTOQUE,19,,org-1
41,105,EM_ESTOQUE,20,,org-1
42,108,EM_ESTOQUE,20,,org-1
43,111,EM_ESTOQUE,21,,org-1
44,114,EM_ESTOQUE,21,,org-1
